{
  "project_info": {
    "project_number": "47601839679",
    "firebase_url": "https://yaumy-fa79e.firebaseio.com",
    "project_id": "yaumy-fa79e",
    "storage_bucket": "yaumy-fa79e.appspot.com"
  },
  "client": [
    {
      "client_info": {
        "mobilesdk_app_id": "1:47601839679:android:839941033997b19b0c128a",
        "android_client_info": {
          "package_name": "com.elemam.yaumyapp"
        }
      },
      "oauth_client": [
        {
          "client_id": "47601839679-2ipl81mr4lrh67rqhgo2lqps0qr32qva.apps.googleusercontent.com",
          "client_type": 1,
          "android_info": {
            "package_name": "com.elemam.yaumyapp",
            "certificate_hash": "212192e7eaa402729183c04451f67d7514687aae"
          }
        },
        {
          "client_id": "47601839679-hr1nsc39uv2cqt1t5ibab6odfnq2bl2a.apps.googleusercontent.com",
          "client_type": 3
        }
      ],
      "api_key": [
        {
          "current_key": "AIzaSyCXuOgSUYyz7Me4U6jbDZUHT2Q_P4Qm4JI"
        }
      ],
      "services": {
        "appinvite_service": {
          "other_platform_oauth_client": [
            {
              "client_id": "47601839679-hr1nsc39uv2cqt1t5ibab6odfnq2bl2a.apps.googleusercontent.com",
              "client_type": 3
            }
          ]
        }
      }
    }
  ],
  "configuration_version": "1"
}